{
    "additions": [
        {
            "type": "spikes-brotherhood",
            "id": "spike_001",
            "position": {
                "x": -987.1,
                "y": 23.5
            },
            "rotation": {
                "z": 180
            }
            
        },
        {
            "type": "spikes-brotherhood",
            "id": "spike_001_copy_1",
            "position": {
                "x": -985.3,
                "y": 23.5
            },
            "rotation": {
                "z": 180
            }
            
        },
        {
            "type": "spikes-brotherhood",
            "id": "spike_001_copy_2",
            "position": {
                "x": -990.7,
                "y": 23.5
            },
            "rotation": {
                "z": 180
            }
            
        },
        {
            "type": "spikes-brotherhood",
            "id": "spike_001_copy_3",
            "position": {
                "x": -988.9,
                "y": 23.5
            },
            "rotation": {
                "z": 180
            }
            
        },
        {
            "type": "spikes-brotherhood",
            "id": "spike_002",
            "position": {
                "x": -986,
                "y": 22.9
            },
            "rotation": {
                "z": 90
            }
        },
        {
            "type": "spikes-brotherhood",
            "id": "spike_002_copy",
            "position": {
                "x": -986,
                "y": 21.1
            },
            "rotation": {
                "z": 90
            }
        },
        {
            "type": "spikes-brotherhood",
            "id": "spike_003",
            "position": {
                "x": -990,
                "y": 22.9
            },
            "rotation": {
                "z": -90
            }
        },
        {
            "type": "spikes-brotherhood",
            "id": "spike_003_copy",
            "position": {
                "x": -990,
                "y": 21.1
            },
            "rotation": {
                "z": -90
            }
        },
        {
            "type": "platform-solid-brotherhood",
            "id": "platform_solid_001",
            "position": {
                "x": -988,
                "y": 42
            },
            "condition": "flag:FIRST_DEATH"
        },
        {
            "type": "platform-solid-brotherhood",
            "id": "platform_solid_001_copy_1",
            "position": {
                "x": -986,
                "y": 42
            },
            "condition": "flag:FIRST_DEATH"
        },
        {
            "type": "platform-solid-brotherhood",
            "id": "platform_solid_001",
            "position": {
                "x": -984,
                "y": 42
            },
            "condition": "flag:FIRST_DEATH"
        },
        {
            "type": "platform-solid-brotherhood",
            "id": "platform_solid_001",
            "position": {
                "x": -982,
                "y": 42
            },
            "condition": "flag:FIRST_DEATH"
        },
        {
            "type": "platform-solid-brotherhood",
            "id": "platform_solid_001",
            "position": {
                "x": -980,
                "y": 42
            },
            "condition": "flag:FIRST_DEATH"
        },
        {
            "type": "platform-solid-brotherhood",
            "id": "platform_solid_001",
            "position": {
                "x": -978,
                "y": 42
            },
            "condition": "flag:FIRST_DEATH"
        },
        {
            "type": "platform-droppable-brotherhood",
            "id": "platform_droppable_001",
            "position": {
                "x": -976,
                "y": 42
            },
            "condition": "flag:FIRST_DEATH"
        },
        {
            "type": "ladder-brotherhood",
            "id": "ladder_001",
            "position": {
                "x": -976,
                "y": 29
            },
            "properties": ["top = 42.3", "bottom = 20"]
        },
        {
            "type": "ladder-brotherhood",
            "id": "ladder_002",
            "position": {
                "x": -973,
                "y": 29
            },
            "properties": ["top = 42.3", "bottom = 30"]
        },
        {
            "type": "ladder-brotherhood",
            "id": "ladder_003",
            "position": {
                "x": -970,
                "y": 29
            },
            "properties": ["top = 42.3", "bottom = 17"]
        }
    ]
}